City_ID,City,Lat,Lng,Max Temp,Humidity,Cloudiness,Wind Speed,Country,Date
0,busselton,-33.65,115.3333,62.04,89,99,30.49,AU,1623258100
1,karratha,-20.7377,116.8463,74.88,57,98,8.19,AU,1623257834
2,barrow,71.2906,-156.7887,35.91,84,71,6.15,US,1623257689
3,ushuaia,-54.8,-68.3,46.06,49,75,0.0,AR,1623257696
4,rikitea,-23.1203,-134.9692,72.68,65,100,15.23,PF,1623257843
5,lagoa,39.05,-27.9833,66.38,89,82,17.54,PT,1623257803
6,yumen,40.2833,97.2,74.84,17,90,8.81,CN,1623257718
7,saint-philippe,-21.3585,55.7679,71.19,76,40,14.74,RE,1623258101
8,arraial do cabo,-22.9661,-42.0278,76.96,73,40,9.22,BR,1623257693
9,hilo,19.7297,-155.09,74.8,90,54,2.13,US,1623257700
10,tolmachevo,54.9824,82.7363,47.41,70,0,4.47,RU,1623258101
11,chokurdakh,70.6333,147.9167,41.77,59,100,8.95,RU,1623257696
12,ponta delgada,37.7333,-25.6667,70.52,78,40,10.36,PT,1623257791
13,hearst,49.6835,-83.6665,72.54,38,42,6.29,CA,1623258102
14,vaini,-21.2,-175.2,68.16,77,20,9.22,TO,1623257695
15,dakar,14.6937,-17.4441,88.68,86,13,12.21,SN,1623258102
16,ancud,-41.8697,-73.8203,47.43,77,95,18.1,CL,1623257775
17,gravdal,68.1214,13.5031,55.29,88,75,12.66,NO,1623258103
18,airai,-8.9266,125.4092,58.68,91,66,3.09,TL,1623257777
19,cape town,-33.9258,18.4232,63.12,70,0,5.7,ZA,1623257462
20,kapaa,22.0752,-159.319,76.12,70,44,4.0,US,1623257690
21,atuona,-9.8,-139.0333,79.72,76,20,15.59,PF,1623257692
22,lebu,-37.6167,-73.65,56.07,76,98,17.54,CL,1623257702
23,berlevag,70.8578,29.0864,55.2,66,0,10.36,NO,1623257745
24,hermanus,-34.4187,19.2345,61.9,78,0,0.56,ZA,1623258104
25,panaba,21.2833,-88.2667,93.78,42,43,10.58,MX,1623258104
26,victoria,22.2855,114.1577,84.33,88,24,1.99,HK,1623257595
27,te anau,-45.4167,167.7167,45.63,94,100,1.48,NZ,1623257712
28,haines junction,60.7522,-137.5108,53.55,40,6,2.3,CA,1623257694
29,yuancheng,36.652,107.7896,60.21,70,5,3.38,CN,1623258105
30,maine-soroa,13.2114,12.0241,102.13,18,66,2.82,NE,1623258105
31,bredasdorp,-34.5322,20.0403,60.28,88,0,3.2,ZA,1623257723
32,auray,47.6703,-2.9918,74.48,77,61,10.96,FR,1623258106
33,takhtamygda,54.1,123.5667,53.65,98,100,3.27,RU,1623258106
34,kodiak,57.79,-152.4072,47.71,87,90,14.97,US,1623257736
35,butaritari,3.0707,172.7902,82.8,71,61,18.32,KI,1623257698
36,chuy,-33.6971,-53.4616,61.83,88,99,14.27,UY,1623257774
37,esperance,-33.8667,121.9,55.24,77,100,17.85,AU,1623257726
38,ribeira grande,38.5167,-28.7,68.4,94,75,13.8,PT,1623257781
39,mahebourg,-20.4081,57.7,73.69,73,75,9.22,MU,1623257719
40,souillac,-20.5167,57.5167,73.78,73,75,14.0,MU,1623257708
41,whitehorse,60.7161,-135.0538,59.09,46,0,13.0,CA,1623258107
42,mataura,-46.1927,168.8643,49.48,93,82,1.39,NZ,1623258108
43,bambous virieux,-20.3428,57.7575,73.65,73,75,15.5,MU,1623257707
44,naantali,60.4674,22.0243,73.81,46,0,2.42,FI,1623257948
45,tianpeng,30.9866,103.9393,69.64,90,99,3.31,CN,1623258108
46,georgetown,5.4112,100.3354,83.89,87,20,3.0,MY,1623257648
47,port lincoln,-34.7333,135.8667,54.41,69,88,15.48,AU,1623257726
48,novikovo,51.1537,37.8879,65.82,78,57,1.39,RU,1623258109
49,puerto ayora,-0.7393,-90.3518,78.76,83,47,7.0,EC,1623257691
50,castro,-24.7911,-50.0119,65.98,72,96,3.42,BR,1623257691
51,albany,42.6001,-73.9662,86.54,69,79,7.14,US,1623258035
52,mar del plata,-38.0023,-57.5575,60.82,94,90,11.01,AR,1623257672
53,lodwar,3.1191,35.5973,89.8,30,43,13.0,KE,1623258109
54,north platte,41.1239,-100.7654,82.02,66,42,7.0,US,1623258109
55,mount gambier,-37.8333,140.7667,51.71,71,98,19.57,AU,1623257732
56,ponta do sol,32.6667,-17.1,78.71,64,21,5.23,PT,1623257718
57,iqaluit,63.7506,-68.5145,38.93,80,90,20.0,CA,1623257714
58,cofradia,15.4,-88.15,92.93,51,85,2.19,HN,1623258110
59,markovo,57.3206,107.0881,54.61,51,13,4.7,RU,1623258110
60,tasiilaq,65.6145,-37.6368,38.66,85,96,5.95,GL,1623257693
61,pisco,-13.7,-76.2167,67.01,77,40,8.05,PE,1623257767
62,gao,16.6362,1.637,106.92,12,72,2.3,ML,1623258111
63,shanghai,31.2222,121.4581,78.66,91,75,3.0,CN,1623258077
64,champerico,14.3,-91.9167,86.54,67,77,8.05,GT,1623257804
65,newport,51.5877,-2.9984,73.44,83,84,11.25,GB,1623257636
66,vyartsilya,62.1764,30.693,67.77,45,5,2.04,RU,1623258111
67,biak,-0.9131,122.8766,76.1,83,38,5.55,ID,1623258111
68,avera,33.194,-82.5271,87.94,55,89,8.14,US,1623257792
69,corinto,37.9407,22.9573,72.9,72,95,1.99,GR,1623257809
70,dikson,73.5069,80.5464,31.64,94,100,7.05,RU,1623257686
71,bluff,-46.6,168.3333,49.8,86,100,11.12,NZ,1623258112
72,ibipeba,-11.6408,-42.0111,87.06,30,91,9.82,BR,1623257738
73,tiksi,71.6872,128.8694,35.1,68,14,4.16,RU,1623257706
74,sao filipe,14.8961,-24.4956,75.4,80,47,12.91,CV,1623257744
75,mitchell,43.7094,-98.0298,88.74,52,32,8.01,US,1623258113
76,zaterechnyy,44.7931,45.2097,73.54,43,97,10.85,RU,1623258113
77,pochutla,15.7432,-96.4661,89.82,48,56,7.09,MX,1623257814
78,krasnyy chikoy,50.3643,108.7512,47.46,89,2,2.91,RU,1623257712
79,bardiyah,31.7561,25.0865,73.53,67,27,16.75,LY,1623258114
80,altay,47.8667,88.1167,59.56,71,83,1.43,CN,1623258114
81,chapais,49.7834,-74.8492,58.78,23,5,12.77,CA,1623257733
82,tuktoyaktuk,69.4541,-133.0374,50.0,53,75,11.5,CA,1623257693
83,avarua,-21.2078,-159.775,78.85,89,90,8.05,CK,1623257716
84,santa maria,-29.6842,-53.8069,68.09,74,84,5.57,BR,1623258113
85,zhigansk,66.7697,123.3711,42.15,53,2,7.02,RU,1623257780
86,floro,61.5996,5.0328,71.24,68,40,11.5,NO,1623258115
87,kahului,20.8947,-156.47,77.85,79,21,11.01,US,1623257718
88,celestun,20.8667,-90.4,88.93,57,100,5.19,MX,1623258115
89,cortes,41.9395,-1.4396,91.6,42,13,20.13,ES,1623258115
90,qaanaaq,77.484,-69.3632,41.0,75,17,5.86,GL,1623257720
91,komsomolskiy,40.4272,71.7189,72.82,73,75,6.91,UZ,1623257701
92,ilheus,-14.7889,-39.0494,79.65,71,76,7.72,BR,1623258116
93,rawson,-43.3002,-65.1023,61.32,45,100,23.71,AR,1623257836
94,bani,18.2833,-70.3333,87.75,56,24,14.41,DO,1623258117
95,saint anthony,45.0205,-93.218,91.83,52,75,1.01,US,1623258117
96,provideniya,64.3833,-173.3,37.63,97,100,6.04,RU,1623257727
97,baykit,61.67,96.37,42.12,86,100,9.08,RU,1623258117
98,hobart,-42.8794,147.3294,50.25,82,90,1.99,AU,1623257439
99,talnakh,69.4865,88.3972,28.02,89,51,3.29,RU,1623257751
100,punta arenas,-53.15,-70.9167,42.12,75,48,20.15,CL,1623258118
101,carnarvon,-24.8667,113.6333,60.87,25,90,13.8,AU,1623257704
102,lakatoro,-16.0999,167.4164,74.5,77,70,7.83,VU,1623258118
103,nemuro,43.3236,145.575,47.55,95,6,7.36,JP,1623257756
104,ambilobe,-13.2,49.05,70.29,77,1,3.09,MG,1623258119
105,constitucion,-35.3333,-72.4167,58.01,79,73,6.31,CL,1623258119
106,cabo san lucas,22.8909,-109.9124,94.8,57,5,0.87,MX,1623257534
107,kawalu,-7.3817,108.2082,72.81,95,87,1.12,ID,1623258119
108,inverell,-29.7833,151.1167,42.12,88,94,8.01,AU,1623258119
109,hithadhoo,-0.6,73.0833,83.37,72,6,7.81,MV,1623257691
110,luganville,-15.5333,167.1667,76.26,80,100,8.19,VU,1623258075
111,picayune,30.5255,-89.6795,89.85,84,66,5.99,US,1623258120
112,meulaboh,4.1363,96.1285,77.18,84,100,4.07,ID,1623258121
113,bethel,41.3712,-73.414,89.17,72,97,1.01,US,1623257730
114,kurilsk,45.2333,147.8833,41.68,91,0,2.3,RU,1623258121
115,makakilo city,21.3469,-158.0858,74.68,75,90,18.39,US,1623257756
116,lompoc,34.6391,-120.4579,71.56,72,2,10.0,US,1623257707
117,magadan,59.5667,150.8,39.38,94,91,4.88,RU,1623258122
118,la ronge,55.1001,-105.2842,53.85,76,90,11.5,CA,1623257830
119,manzhouli,49.6,117.4333,52.39,79,56,12.66,CN,1623258122
120,lucea,18.451,-78.1736,84.85,70,100,11.65,JM,1623258122
121,clyde river,70.4692,-68.5914,41.23,70,20,25.32,CA,1623257758
122,khatanga,71.9667,102.5,42.94,59,19,7.87,RU,1623257698
123,ulaanbaatar,47.9077,106.8832,44.73,81,0,3.94,MN,1623258123
124,narsaq,60.9167,-46.05,47.23,60,4,8.95,GL,1623257770
125,cidreira,-30.1811,-50.2056,63.91,93,100,18.43,BR,1623257767
126,katsuura,35.1333,140.3,72.1,89,0,6.02,JP,1623257690
127,bella union,-30.2752,-57.6007,64.8,73,67,6.31,UY,1623258123
128,camocim,-2.9022,-40.8411,83.03,75,54,12.15,BR,1623258124
129,jamestown,42.097,-79.2353,82.09,65,20,6.91,US,1623257430
130,jiaohe,43.7286,127.3447,62.53,91,95,2.51,CN,1623258124
131,kaitangata,-46.2817,169.8464,50.94,82,97,6.71,NZ,1623257716
132,andros town,24.7,-77.7667,81.66,69,59,14.54,BS,1623258124
133,port elizabeth,-33.918,25.5701,61.11,82,0,4.61,ZA,1623257785
134,sri aman,1.2376,111.4621,73.58,99,80,0.51,MY,1623258125
135,fallon,39.4735,-118.7774,63.45,27,43,6.04,US,1623258125
136,longyearbyen,78.2186,15.6401,37.24,87,90,6.91,SJ,1623257776
137,vila do maio,15.1333,-23.2167,74.05,86,30,13.38,CV,1623258126
138,mungwi,-10.1732,31.3694,65.12,60,32,7.38,ZM,1623258126
139,rabo de peixe,37.8,-25.5833,69.31,78,40,9.75,PT,1623258126
140,yulara,-25.2406,130.9889,42.78,50,99,7.52,AU,1623258126
141,verkhnevilyuysk,63.4453,120.3167,40.1,82,1,3.67,RU,1623257829
142,saskylakh,71.9167,114.0833,40.21,58,96,7.34,RU,1623257731
143,kerouane,9.2667,-9.0167,84.33,58,95,5.7,GN,1623258127
144,mao,39.8885,4.2658,81.16,47,0,6.91,ES,1623258127
145,najran,17.4924,44.1277,95.65,12,7,5.19,SA,1623257724
146,zabaykalsk,49.6333,117.3167,52.07,80,55,13.33,RU,1623258127
147,kirakira,-10.4544,161.9205,80.13,82,75,7.63,SB,1623257823
148,saldanha,-33.0117,17.9442,64.45,83,0,10.58,ZA,1623257817
149,doha,25.2867,51.5333,98.58,18,0,16.11,QA,1623257883
150,nuuk,64.1835,-51.7216,45.88,75,76,5.99,GL,1623257771
151,tessalit,20.1986,1.0114,108.99,6,4,16.58,ML,1623257776
152,torbay,47.6666,-52.7314,56.28,66,40,9.22,CA,1623257797
153,fortuna,40.5982,-124.1573,58.98,71,1,1.99,US,1623257734
154,nampula,-15.1165,39.2666,66.83,67,59,3.06,MZ,1623258128
155,sur,22.5667,59.5289,89.53,66,3,12.46,OM,1623258128
156,port alfred,-33.5906,26.891,64.78,73,20,4.29,ZA,1623257692
157,zapolyarnyy,69.4154,30.8136,58.28,54,88,8.95,RU,1623258129
158,bandar,2.05,99.75,73.17,94,100,2.95,ID,1623258129
159,sitka,57.0531,-135.33,57.2,68,26,4.43,US,1623257801
160,kemijarvi,66.7131,27.4306,67.51,44,91,7.05,FI,1623258129
161,port blair,11.6667,92.75,81.64,85,100,20.83,IN,1623257717
162,srivardhan,18.0333,73.0167,78.91,86,100,2.84,IN,1623258130
163,saint george,37.1041,-113.5841,87.8,16,1,3.0,US,1623257625
164,sidney,-33.8679,151.2073,46.71,84,0,4.0,AU,1623257913
165,hualmay,-11.0964,-77.6139,69.37,73,63,11.7,PE,1623257759
166,touros,-5.1989,-35.4608,83.3,63,69,17.18,BR,1623257591
167,dongli,23.5656,116.8194,77.97,89,95,4.29,CN,1623258130
168,nikolskoye,59.7035,30.7861,71.49,60,88,5.46,RU,1623257722
169,lutry,46.5024,6.6865,74.05,79,80,4.61,CH,1623258131
170,isangel,-19.55,169.2667,68.63,74,21,6.67,VU,1623257757
171,thunder bay,48.4001,-89.3168,76.98,53,25,9.33,CA,1623258131
172,gat,31.61,34.7642,85.41,43,0,5.48,IL,1623257581
173,dingle,10.9995,122.6711,77.63,87,100,1.88,PH,1623257742
174,portland,45.5234,-122.6762,62.62,64,75,1.99,US,1623257456
175,le port,-20.9373,55.2919,71.6,90,16,4.79,RE,1623258132
176,srednekolymsk,67.45,153.6833,40.44,72,96,20.78,RU,1623257809
177,atar,20.5169,-13.0499,114.57,6,14,16.37,MR,1623258132
178,aklavik,68.2191,-135.0107,59.83,50,75,8.05,CA,1623257709
179,yeniseysk,58.4497,92.1703,37.87,78,69,4.36,RU,1623258132
180,umm lajj,25.0213,37.2685,83.68,66,0,8.72,SA,1623258133
181,new norfolk,-42.7826,147.0587,49.91,79,100,4.0,AU,1623257686
182,menongue,-14.6585,17.691,64.47,32,16,4.81,AO,1623257792
183,verkhnyaya inta,65.9811,60.3094,52.93,59,99,7.85,RU,1623257752
184,thompson,55.7435,-97.8558,68.72,36,83,9.06,CA,1623257451
185,aden,12.7794,45.0367,89.98,60,39,4.7,YE,1623258133
186,sidhi,24.4167,81.8833,91.99,41,93,12.73,IN,1623258133
187,motygino,58.1831,94.7592,43.32,61,37,4.59,RU,1623258134
188,cayenne,4.9333,-52.3333,77.04,91,75,14.07,GF,1623258006
189,sao gabriel da cachoeira,-0.1303,-67.0892,75.18,95,98,2.26,BR,1623258134
190,merauke,-8.4667,140.3333,76.42,89,55,9.93,ID,1623257492
191,cherskiy,68.75,161.3,36.61,84,100,1.86,RU,1623257819
192,westport,41.1415,-73.3579,91.36,71,88,1.01,US,1623257697
193,vitry-le-francois,48.7333,4.5833,78.93,80,78,7.31,FR,1623258134
194,warwick,41.7001,-71.4162,93.4,64,75,8.05,US,1623258135
195,salta,-24.7859,-65.4117,67.57,53,20,1.01,AR,1623257939
196,dolores,-36.3132,-57.6792,61.25,81,88,10.69,AR,1623258135
197,matagami,49.7502,-77.6328,60.82,32,97,10.87,CA,1623258135
198,upernavik,72.7868,-56.1549,35.26,90,92,2.86,GL,1623257697
199,puerto carreno,6.189,-67.4859,87.55,59,96,1.61,CO,1623258136
200,kindu,-2.95,25.95,77.86,64,48,0.78,CD,1623258136
201,inirida,3.8653,-67.9239,75.78,93,100,2.77,CO,1623258137
202,selma,36.5708,-119.6121,71.04,46,0,6.89,US,1623258137
203,quixada,-4.9714,-39.0153,87.82,47,98,6.17,BR,1623258137
204,birjand,32.8663,59.2211,82.54,18,0,8.12,IR,1623258137
205,ahwa,20.75,73.6833,76.41,83,59,8.01,IN,1623258138
206,beringovskiy,63.05,179.3167,41.05,89,100,2.24,RU,1623257763
207,liberty,31.8335,-81.5004,90.27,39,24,3.96,US,1623258138
208,luderitz,-26.6481,15.1594,61.47,73,0,9.06,NA,1623257749
209,yellowknife,62.456,-114.3525,55.92,62,20,16.11,CA,1623257676
210,faanui,-16.4833,-151.75,80.02,79,89,13.71,PF,1623257745
211,san pedro carcha,15.4833,-90.2667,72.0,86,85,2.93,GT,1623258138
212,surt,31.2089,16.5887,73.44,64,78,10.2,LY,1623258139
213,babstovo,48.1167,132.4833,66.22,79,100,3.06,RU,1623258139
214,labuhan,-6.8844,112.2051,78.42,84,33,3.58,ID,1623257811
215,coihaique,-45.5752,-72.0662,39.18,98,99,5.57,CL,1623258139
216,port augusta,-32.5,137.7667,44.71,61,42,18.39,AU,1623258140
217,palmerston,-12.486,130.9833,73.38,50,71,8.28,AU,1623258008
218,snezhnogorsk,69.1933,33.2531,69.58,76,96,2.71,RU,1623258140
219,bereda,43.2686,-7.5406,70.57,74,3,7.7,ES,1623258140
220,east london,-33.0153,27.9116,59.94,58,0,3.44,ZA,1623257721
221,jalu,29.0331,21.5482,90.14,19,4,20.13,LY,1623257692
222,riyadh,24.6877,46.7219,105.85,6,0,6.91,SA,1623257716
223,kyren,51.6828,102.1408,56.44,51,31,2.3,RU,1623258141
224,amahai,-3.3333,128.9167,77.76,88,96,2.37,ID,1623258141
225,mexico,15.0646,120.7198,78.15,95,100,2.15,PH,1623258141
226,gera,50.8803,12.0819,77.86,56,76,5.5,DE,1623257913
227,cooma,-36.2333,149.1333,31.77,100,90,2.48,AU,1623258142
228,quang ngai,15.1167,108.8,78.22,77,100,4.85,VN,1623258142
229,gizo,-8.103,156.8419,81.88,77,100,7.43,SB,1623258142
230,eregli,37.5133,34.0467,70.18,42,93,9.53,TR,1623258142
231,alappuzha,9.49,76.3264,81.12,80,98,10.13,IN,1623258143
232,whittlesea,-32.1759,26.8244,51.26,54,27,2.24,ZA,1623258143
233,koroni,36.8,21.95,70.07,71,32,11.83,GR,1623258143
234,pontianak,-0.0333,109.3333,76.98,94,90,0.38,ID,1623257902
235,egvekinot,66.3167,-179.1667,30.31,76,92,6.33,RU,1623258144
236,kununurra,-15.7667,128.7333,67.98,34,86,6.91,AU,1623257807
237,machhlishahr,25.6833,82.4167,85.95,28,44,7.05,IN,1623258144
238,saint peters,38.8003,-90.6265,83.25,72,48,4.0,US,1623258042
239,scarborough,54.2797,-0.4044,74.79,62,14,1.99,GB,1623258000
240,rodrigues alves,-7.738,-72.6509,82.6,53,93,3.44,BR,1623257833
241,praia,14.9215,-23.5087,86.54,54,20,9.22,CV,1623258145
242,margate,51.3813,1.3862,78.66,62,9,10.36,GB,1623258145
243,boa vista,2.8197,-60.6733,84.18,65,75,6.91,BR,1623257692
244,yantongshan,43.2919,126.0094,65.03,78,100,4.76,CN,1623258145
245,casper,42.8666,-106.3131,77.72,25,0,1.99,US,1623258008
246,hit,33.6416,42.8251,91.94,12,0,9.22,IQ,1623258145
247,severo-kurilsk,50.6789,156.125,42.87,93,27,6.71,RU,1623257790
248,marrakesh,31.6315,-8.0083,104.07,17,75,4.61,MA,1623258011
249,waingapu,-9.6567,120.2641,73.76,85,27,7.49,ID,1623257812
250,nome,64.5011,-165.4064,43.11,94,100,4.61,US,1623258146
251,saint-pierre,-21.3393,55.4781,71.28,72,20,12.66,RE,1623257759
252,the valley,18.217,-63.0578,84.81,79,100,17.9,AI,1623258146
253,kiama,-34.6833,150.8667,41.38,84,20,6.44,AU,1623258147
254,bang saphan,11.2126,99.5117,76.41,90,100,8.41,TH,1623258147
255,ivanivka,46.7208,34.553,68.54,69,100,5.88,UA,1623258147
256,somvarpet,12.6,75.8667,66.36,93,94,5.44,IN,1623258148
257,kihei,20.785,-156.4656,77.85,80,21,9.4,US,1623258091
258,opuwo,-18.0607,13.84,68.05,22,0,5.28,NA,1623257773
259,kavieng,-2.5744,150.7967,81.91,80,100,11.77,PG,1623257773
260,at-bashi,41.1702,75.8106,55.47,71,5,3.49,KG,1623258148
261,gogrial,8.5332,28.1004,86.09,45,52,4.25,SS,1623258149
262,basco,20.4487,121.9702,82.63,80,93,16.98,PH,1623258149
263,inyonga,-6.7167,32.0667,71.2,52,35,4.56,TZ,1623258149
264,pauini,-7.7136,-66.9764,91.81,48,81,1.66,BR,1623258149
265,liepaja,56.5419,21.0367,67.98,64,6,3.44,LV,1623258150
266,kota,25.1833,75.8333,100.78,29,76,16.89,IN,1623258150
267,muyezerskiy,63.9333,31.65,68.77,33,10,4.05,RU,1623258150
268,taunggyi,20.7833,97.0333,64.18,98,100,3.2,MM,1623258151
269,kismayo,-0.3582,42.5454,78.98,80,21,14.38,SO,1623258151
270,miri,4.4148,114.0089,79.29,81,93,4.16,MY,1623258151
271,santa cruz,-17.8,-63.1667,71.65,78,75,2.3,BO,1623257825
272,niigata,37.9022,139.0236,59.92,83,0,3.06,JP,1623258018
273,panguma,8.1833,-11.1333,80.26,83,98,3.09,SL,1623258152
274,kieta,-6.2167,155.6333,79.57,83,100,3.78,PG,1623258152
275,kysyl-syr,63.8986,122.7617,40.69,58,1,3.27,RU,1623258152
276,vestmannaeyjar,63.4427,-20.2734,49.19,93,75,9.22,IS,1623257748
277,turayf,31.6725,38.6637,85.64,13,0,4.14,SA,1623258153
278,zverinogolovskoye,54.4586,64.8542,56.05,56,31,8.95,RU,1623258153
279,boueni,-12.9025,45.0761,76.98,58,1,13.4,YT,1623258153
280,auki,-8.7676,160.7034,77.18,88,77,3.71,SB,1623258154
281,norman wells,65.282,-126.8329,62.64,51,40,10.36,CA,1623257743
282,nouadhibou,20.931,-17.0347,70.12,75,1,29.64,MR,1623257712
283,leningradskiy,69.3833,178.4167,29.86,92,81,4.43,RU,1623257796
284,ofunato,39.0717,141.7167,59.52,93,3,5.14,JP,1623258154
285,cartagena,10.3997,-75.5144,78.6,86,100,13.13,CO,1623258050
286,bathsheba,13.2167,-59.5167,83.66,69,99,18.68,BB,1623258067
287,san clemente,33.427,-117.612,76.39,73,78,1.01,US,1623258009
288,ambon,-3.6954,128.1814,75.34,94,20,6.2,ID,1623258155
289,pevek,69.7008,170.3133,32.52,94,96,6.35,RU,1623257701
290,wajir,1.7471,40.0573,83.73,50,100,16.51,KE,1623258155
291,adrar,20.5022,-10.0711,112.35,6,4,15.55,MR,1623258156
292,port-gentil,-0.7193,8.7815,78.58,86,100,15.75,GA,1623258156
293,campbell river,50.0163,-125.2446,58.26,75,75,3.44,CA,1623257997
294,samarai,-10.6167,150.6667,79.21,83,89,5.55,PG,1623257827
295,rocha,-34.4833,-54.3333,61.39,86,98,14.58,UY,1623257814
296,shingu,33.7333,135.9833,67.91,70,0,5.7,JP,1623258157
297,southbridge,42.0751,-72.0334,89.82,68,85,7.63,US,1623258059
298,port hueneme,34.1478,-119.1951,78.13,66,1,10.09,US,1623258157
299,rochester,43.1548,-77.6156,84.09,79,76,1.01,US,1623257810
300,monze,-16.2833,27.4833,58.77,62,14,6.64,ZM,1623258157
301,muroto,33.2833,134.15,71.01,81,1,10.16,JP,1623258039
302,tevaitoa,-16.7833,-151.5,80.01,79,80,14.43,PF,1623258158
303,lorengau,-2.0226,147.2712,81.05,81,74,7.02,PG,1623257827
304,grindavik,63.8424,-22.4338,53.55,100,90,10.92,IS,1623257783
305,elmadag,39.9208,33.2308,64.26,64,49,5.84,TR,1623258158
306,los llanos de aridane,28.6585,-17.9182,80.35,32,0,5.57,ES,1623257706
307,imeni zhelyabova,58.9544,36.5956,62.42,50,4,4.74,RU,1623258158
308,gamba,-2.65,10.0,77.29,86,100,9.04,GA,1623258159
309,shudayag,63.5266,53.6058,58.19,48,94,4.0,RU,1623258159
310,cache creek,50.8101,-121.3246,59.92,51,19,4.79,CA,1623258116
311,dwarahat,29.7833,79.4333,75.88,45,23,3.15,IN,1623258159
312,mountain home,43.133,-115.6912,75.81,34,16,14.65,US,1623257917
313,bay roberts,47.5999,-53.2648,57.06,63,100,5.01,CA,1623258160
314,araguaina,-7.1911,-48.2072,91.02,31,100,6.91,BR,1623257691
315,dongsheng,39.8161,109.9776,54.61,59,52,5.99,CN,1623258160
316,hamilton,39.1834,-84.5333,74.25,95,90,1.01,US,1623257430
317,tomatlan,19.9333,-105.25,94.33,38,70,5.28,MX,1623258160
318,craig,40.5153,-107.5464,77.99,16,0,4.23,US,1623257886
319,senanga,-16.1167,23.2667,64.67,33,33,4.63,ZM,1623258161
320,nouakchott,18.0858,-15.9785,76.93,78,8,13.42,MR,1623258161
321,kloulklubed,7.0419,134.2556,77.5,72,32,3.62,PW,1623257731
322,codrington,-38.2667,141.9667,54.43,77,91,26.42,AU,1623257794
323,balkanabat,39.5108,54.3671,85.39,33,0,7.7,TM,1623258161
324,elizabeth city,36.2946,-76.2511,89.65,72,75,1.99,US,1623258162
325,vao,-22.6667,167.4833,69.04,66,67,8.93,NC,1623257800
326,temir,49.1414,57.13,62.08,77,100,8.99,KZ,1623258162
327,robertsport,6.7533,-11.3686,82.78,73,49,9.86,LR,1623258162
328,morondava,-20.2833,44.2833,74.08,61,1,9.82,MG,1623258163
329,myitkyina,25.3833,97.4,77.4,92,100,1.03,MM,1623258163
330,siderno,38.2779,16.302,75.15,75,95,9.66,IT,1623258163
331,broome,42.2506,-75.833,83.7,64,75,1.99,US,1623257785
332,college,64.8569,-147.8028,55.09,83,40,0.0,US,1623257763
333,hami,42.8,93.45,77.85,30,100,6.96,CN,1623257713
334,bijie,27.3125,105.2942,59.27,96,100,3.13,CN,1623258164
335,vila velha,-20.3297,-40.2925,78.75,78,40,3.0,BR,1623257713
336,coquimbo,-29.9533,-71.3436,63.0,64,63,4.47,CL,1623258164
337,los alamos,35.8881,-106.307,81.68,11,98,1.01,US,1623258018
338,alofi,-19.0595,-169.9187,75.09,78,97,6.91,NU,1623257727
339,hamadan,34.7992,48.5146,70.79,14,0,6.91,IR,1623258165
340,saint-augustin,51.226,-58.6502,58.17,33,59,7.0,CA,1623258165
341,flin flon,54.7682,-101.865,60.82,55,100,9.24,CA,1623258007
342,grand gaube,-20.0064,57.6608,73.8,68,1,5.99,MU,1623257713
343,severnyy,50.677,36.5532,68.04,64,75,8.95,RU,1623258166
344,sola,-13.8833,167.55,79.92,76,85,18.92,VU,1623257769
345,medvedka,61.1629,46.387,59.77,52,9,3.53,RU,1623258166
346,ilulissat,69.2167,-51.1,42.01,59,2,4.5,GL,1623257755
347,kanchanaburi,14.6333,99.1,75.25,91,99,3.24,TH,1623258166
348,aykhal,66.0,111.5,47.82,49,100,24.79,RU,1623258167
349,tambacounda,13.7539,-13.7586,104.22,26,97,6.17,SN,1623258085
350,bonfim,3.0833,-59.95,76.28,87,100,2.86,BR,1623258167
351,san patricio,28.017,-97.5169,91.49,64,34,16.4,US,1623257802
352,nalut,30.3333,10.85,92.14,16,15,22.24,LY,1623257800
353,bengkulu,-3.8004,102.2655,75.0,91,61,4.25,ID,1623257721
354,hays,30.0502,-98.0336,86.85,78,97,4.0,US,1623258167
355,virginia beach,36.8529,-75.978,89.67,68,100,3.0,US,1623257853
356,stornoway,58.2093,-6.3865,57.16,94,75,19.57,GB,1623258168
357,starup,55.241,9.535,73.22,56,0,7.52,DK,1623258168
358,manavalakurichi,8.1333,77.3,82.49,83,74,15.28,IN,1623258168
359,ashtabula,41.7001,-80.7665,81.95,78,75,3.6,US,1623258169
360,kitimat,54.0524,-128.6534,53.98,95,100,1.99,CA,1623257951
361,nhulunbuy,-12.2333,136.7667,75.81,64,90,13.8,AU,1623257714
362,port hardy,50.6996,-127.4199,52.34,73,65,4.32,CA,1623258169
363,mindelo,16.8901,-24.9804,81.95,51,0,19.28,CV,1623258169
364,kamenka,51.3223,42.7678,63.88,80,80,4.14,RU,1623258170
365,svetlogorsk,52.6333,29.7333,65.48,80,55,6.38,BY,1623257788
366,zemio,5.0314,25.1361,78.4,59,66,3.11,CF,1623258170
367,ewa beach,21.3156,-158.0072,77.99,62,23,11.01,US,1623258170
368,daru,-9.0763,143.2092,76.33,91,98,12.75,PG,1623258170
369,aksarayskiy,46.7924,48.0119,75.15,42,74,2.75,RU,1623258171
370,tazmalt,36.3868,4.3989,86.18,20,0,8.46,DZ,1623258171
371,gimli,50.6336,-96.9907,74.21,95,100,18.57,CA,1623258171
372,harper,4.375,-7.7169,81.23,79,100,5.46,LR,1623257822
373,lavrentiya,65.5833,-171.0,33.28,99,100,3.47,RU,1623257722
374,north bend,43.4065,-124.2243,60.85,67,75,3.44,US,1623257755
375,providencia,28.7167,-111.5833,97.61,19,16,1.99,MX,1623258172
376,geraldton,-28.7667,114.6,63.12,82,90,19.42,AU,1623257703
377,alekseyevsk,57.8406,108.3492,54.36,52,6,3.2,RU,1623258172
378,pacifica,37.6138,-122.4869,65.57,73,20,3.0,US,1623258173
379,quatre cocos,-20.2078,57.7625,73.09,72,14,15.82,MU,1623258173
380,general pico,-35.6566,-63.7568,63.99,71,100,11.86,AR,1623258086
381,malanje,-9.5402,16.341,71.71,41,1,2.53,AO,1623258173
382,minna,9.6139,6.5569,86.25,55,98,6.49,NG,1623258174
383,calbuco,-41.768,-73.1273,51.01,84,100,11.61,CL,1623257834
384,san quintin,30.4833,-115.95,67.39,69,97,14.65,MX,1623258174
385,zhongxing,33.7039,118.6792,76.82,77,100,1.14,CN,1623258174
386,peniche,39.3558,-9.3811,81.88,70,19,17.52,PT,1623258174
387,kaeo,-35.1,173.7833,60.33,96,100,8.41,NZ,1623257762
388,tautira,-17.7333,-149.15,75.22,80,99,15.19,PF,1623258175
389,lufilufi,-13.8745,-171.5986,81.18,74,100,5.61,WS,1623258175
390,tura,25.5198,90.2201,74.43,93,85,3.51,IN,1623258175
391,ayan,56.45,138.1667,47.19,84,49,5.1,RU,1623258175
392,heihe,50.2441,127.4902,60.67,93,44,8.68,CN,1623258176
393,kanniyakumari,8.0833,77.5667,80.98,81,89,20.07,IN,1623258176
394,tupik,54.4253,119.9327,46.83,95,100,3.51,RU,1623258176
395,bud,39.447,-86.1758,77.86,95,100,4.38,US,1623258177
396,ayr,55.4627,-4.6339,64.49,88,75,18.41,GB,1623258177
397,devils lake,48.1128,-98.8651,69.78,88,75,11.99,US,1623258081
398,moose factory,51.2585,-80.6094,53.85,41,100,8.14,CA,1623258177
399,kargasok,59.0556,80.8572,39.49,77,63,3.94,RU,1623258178
400,clarence town,-32.5833,151.7833,47.86,75,82,6.64,AU,1623257699
401,sechura,-5.5569,-80.8222,76.53,61,50,10.07,PE,1623258178
402,christchurch,-43.5333,172.6333,44.91,97,90,0.0,NZ,1623258020
403,limon,10.0,-83.0333,81.9,69,99,3.0,CR,1623258178
404,lasa,46.6166,10.7002,66.94,97,94,3.27,IT,1623258179
405,san policarpo,12.1791,125.5072,78.28,86,100,3.6,PH,1623258179
406,grafton,42.207,-71.6856,88.97,65,96,1.99,US,1623258179
407,amazar,53.858,120.875,49.46,97,66,4.61,RU,1623258179
408,darovskoy,58.77,47.9564,56.97,60,18,3.31,RU,1623258180
409,ust-tsilma,65.441,52.1498,58.91,44,100,5.17,RU,1623257771
410,kitui,-1.367,38.0106,70.83,56,94,9.46,KE,1623258180
411,kyabe,9.4515,18.9449,93.0,32,36,4.36,TD,1623258180
412,wexford,52.3342,-6.4575,63.21,89,85,17.54,IE,1623258181
413,kavaratti,10.5669,72.642,83.86,74,89,14.85,IN,1623257754
414,ursulo galvan,22.7333,-98.3,92.19,60,18,6.67,MX,1623258181
415,lagos,6.5833,3.75,78.89,85,100,4.68,NG,1623258175
416,nishihara,26.1842,127.7558,78.85,89,75,8.12,JP,1623257719
417,mareeba,-17.0,145.4333,66.92,95,51,2.1,AU,1623257720
418,palmer,42.1584,-72.3287,89.49,64,75,6.38,US,1623257696
419,tanout,14.9709,8.8879,102.6,12,86,5.75,NE,1623258182
420,burriana,39.889,-0.085,81.09,78,10,7.67,ES,1623258182
421,shitanjing,39.2342,106.3439,60.53,53,0,8.19,CN,1623258182
422,thetford mines,46.0913,-71.3013,76.23,37,39,12.57,CA,1623258006
423,nyimba,-14.5566,30.8149,63.82,61,51,7.11,ZM,1623258183
424,anadyr,64.75,177.4833,37.9,100,90,0.38,RU,1623257743
425,mapiripan,2.8892,-72.1256,75.85,92,99,4.23,CO,1623258183
426,kenai,60.5544,-151.2583,52.03,80,100,7.72,US,1623258183
427,praya,14.9215,-23.5087,86.54,54,20,9.22,CV,1623258184
428,yeppoon,-23.1333,150.7333,46.18,48,0,5.23,AU,1623258184
429,gigmoto,13.7796,124.39,80.17,84,100,5.68,PH,1623258184
430,mugla,37.2303,28.3557,66.87,66,64,2.35,TR,1623258185
431,kantunilkin,21.0917,-87.45,86.95,45,63,6.71,MX,1623258185
432,scottsbluff,41.8666,-103.6672,86.77,38,14,1.99,US,1623258185
433,souris,49.6172,-100.2612,73.74,89,100,5.3,CA,1623258185
434,upata,8.0086,-62.3989,78.76,77,95,7.16,VE,1623258186
435,udachnyy,66.4167,112.4,50.31,48,99,15.55,RU,1623257717
436,tibati,6.4667,12.6333,76.89,76,91,1.23,CM,1623258186
437,bonavista,48.6499,-53.1147,45.36,70,2,10.54,CA,1623258186
438,havre-saint-pierre,50.2334,-63.5986,53.83,49,66,5.66,CA,1623258187
439,oriximina,-1.7656,-55.8661,90.39,49,100,4.85,BR,1623257902
440,ambikapur,23.1167,83.2,81.55,63,76,4.74,IN,1623258187
441,hobyo,5.3505,48.5268,79.48,83,34,24.49,SO,1623258187
442,sept-iles,50.2001,-66.3821,55.92,58,75,13.8,CA,1623257536
443,muzhi,65.3667,64.6667,50.41,52,98,6.93,RU,1623258188
444,bowen,-20.0167,148.2333,56.97,41,45,11.18,AU,1623258188
445,bay-khaak,51.1667,94.5,58.21,54,54,7.83,RU,1623258189
446,itoman,26.1247,127.6694,79.57,89,40,4.61,JP,1623257711
447,san pedro,14.35,121.0167,80.15,94,100,2.77,PH,1623258189
448,istanbul,41.0351,28.9833,76.42,47,0,8.34,TR,1623257985
449,atbasar,51.8,68.3333,63.21,43,21,15.84,KZ,1623258189
450,thaba nchu,-29.2093,26.839,44.46,82,83,6.4,ZA,1623258189
451,bollnas,61.3482,16.3946,61.39,88,100,3.04,SE,1623258190
452,oktyabrskoye,43.0645,44.7417,66.34,77,75,1.05,RU,1623258190
453,derzhavinsk,51.1,66.3167,68.09,51,98,12.19,KZ,1623257820
454,gazanjyk,39.2446,55.5154,87.89,25,0,5.75,TM,1623258190
455,roquetas de mar,36.7642,-2.6148,78.62,61,29,2.26,ES,1623258191
456,macapa,0.0389,-51.0664,87.78,66,75,3.44,BR,1623257921
457,raipur,21.2333,81.6333,82.8,66,83,7.18,IN,1623258191
458,leh,34.1667,77.5833,60.51,25,14,4.72,IN,1623258191
459,paamiut,61.994,-49.6678,36.21,94,55,11.56,GL,1623258192
460,yar-sale,66.8333,70.8333,49.24,48,85,4.36,RU,1623257791
461,yanaul,56.2719,54.9309,59.65,59,56,13.89,RU,1623258192
462,sitangkai,4.6628,119.3928,83.08,70,55,4.38,PH,1623258192
463,kananga,-5.8958,22.4178,79.2,38,27,4.0,CD,1623258192
464,russell,32.3502,-85.1999,87.91,62,20,6.42,US,1623258193
465,norrtalje,59.758,18.705,69.08,63,87,6.73,SE,1623258193
466,husavik,66.0449,-17.3389,46.31,86,100,2.62,IS,1623257777
467,itsukaichi,35.7253,139.2178,72.81,69,0,3.47,JP,1623258193
468,east liverpool,40.6187,-80.5773,79.34,90,100,3.78,US,1623258194
469,maningrida,-12.0667,134.2667,65.95,74,47,10.96,AU,1623257750
470,colorado,-22.8375,-51.9731,73.11,66,98,7.65,BR,1623258194
471,sioux lookout,50.1001,-91.917,81.43,38,100,10.25,CA,1623258093
472,shelburne,44.0787,-80.2041,83.73,76,43,7.92,CA,1623258006
473,genhe,50.7833,121.5167,47.35,95,12,2.93,CN,1623258194
474,skuodas,56.2667,21.5333,67.78,68,48,6.67,LT,1623258195
475,goderich,43.7501,-81.7165,87.03,73,84,8.05,CA,1623257838
476,vila franca do campo,37.7167,-25.4333,70.21,70,30,9.33,PT,1623257708
477,sergeyevka,53.88,67.4158,54.95,56,78,10.6,KZ,1623258195
478,hanmer springs,-42.5167,172.8167,43.41,73,91,7.27,NZ,1623258195
479,cacapava do sul,-30.5122,-53.4914,60.91,90,99,7.38,BR,1623258196
480,namatanai,-3.6667,152.4333,78.91,81,100,7.58,PG,1623257739
481,colares,38.7992,-9.4469,87.48,51,0,12.66,PT,1623257792
482,ylivieska,64.0833,24.55,68.88,54,77,1.77,FI,1623258196
483,deer lake,49.1667,-57.4316,65.01,30,0,10.11,CA,1623258196
484,luang prabang,19.8856,102.1347,73.96,99,100,1.81,LA,1623258197
485,mabay,6.0577,124.4666,78.67,85,93,4.47,PH,1623258197
486,cairns,-16.9167,145.7667,71.55,68,90,6.91,AU,1623257967
487,ler,8.3018,30.1418,79.05,59,96,0.89,SS,1623258197
488,turinskaya sloboda,57.6232,64.3858,52.36,59,79,4.83,RU,1623258198
489,mujiayingzi,42.1167,118.7833,61.54,70,100,7.58,CN,1623258198
490,pacific grove,36.6177,-121.9166,63.81,74,0,1.99,US,1623257952
491,hwange,-18.3693,26.5019,63.0,50,14,2.59,ZW,1623258198
492,lahat,-3.8,103.5333,72.45,93,74,2.48,ID,1623258199
493,taltal,-25.4,-70.4833,65.14,68,0,8.7,CL,1623257821
494,krasnoselkup,65.7,82.4667,40.86,64,96,8.9,RU,1623258199
495,olovyannaya,50.95,115.5667,51.91,88,100,5.39,RU,1623258199
496,kapit,2.0167,112.9333,72.91,99,60,0.87,MY,1623258200
497,presidente epitacio,-21.7633,-52.1156,79.93,51,93,7.11,BR,1623258200
498,bakchar,57.0186,82.0711,42.03,72,78,4.94,RU,1623258200
499,callaway,30.153,-85.5699,89.98,69,0,5.01,US,1623257805
500,urusha,54.05,122.9,52.36,98,98,4.09,RU,1623258201
501,fairbanks,64.8378,-147.7164,57.09,81,40,0.0,US,1623257699
502,port victoria,0.0939,33.9756,72.88,64,60,3.38,KE,1623258201
503,asmara,15.3333,38.9333,72.68,31,27,1.86,ER,1623258201
504,liberal,37.0431,-100.921,83.43,69,75,6.91,US,1623258202
505,streator,41.1209,-88.8354,85.48,76,14,7.63,US,1623258202
506,keta,5.9179,0.9879,83.97,70,99,11.25,GH,1623258202
507,koulamoutou,-1.1303,12.4736,79.9,76,94,0.6,GA,1623258202
508,da nang,16.0678,108.2208,80.65,89,75,0.0,VN,1623258203
509,klyuchi,52.2667,79.1667,54.16,52,20,12.93,RU,1623258203
510,fort saint james,54.4333,-124.25,58.37,50,43,1.3,CA,1623258203
511,beipiao,41.7919,120.7792,65.53,74,100,4.0,CN,1623258203
512,alta floresta,-9.8756,-56.0861,88.75,41,100,4.27,BR,1623258044
513,kjollefjord,70.9457,27.3465,53.38,71,96,3.56,NO,1623258204
514,puerto ayacucho,5.6639,-67.6236,81.84,78,97,3.33,VE,1623258204
515,iona,26.5204,-81.964,91.99,53,20,1.99,US,1623258204
516,yankton,42.8711,-97.3973,91.11,48,1,14.97,US,1623258198
517,deputatskiy,69.3,139.9,39.79,71,100,8.1,RU,1623257796
518,mecca,21.4267,39.8261,97.21,24,68,8.43,SA,1623258205
519,xuddur,4.1213,43.8894,79.29,60,35,20.56,SO,1623258205
520,toyooka,35.5333,134.8333,62.67,83,0,4.99,JP,1623258205
521,great falls,47.5002,-111.3008,61.66,64,91,5.01,US,1623257972
522,san cristobal,7.7669,-72.225,77.18,57,97,6.35,VE,1623257728
523,nanortalik,60.1432,-45.2371,39.96,84,56,6.69,GL,1623257747
524,dicabisagan,17.0818,122.4157,78.71,87,100,4.74,PH,1623258206
525,ndjole,-0.1783,10.7649,80.62,85,98,1.36,GA,1623258206
526,punta alta,-38.8759,-62.0736,61.11,70,100,12.46,AR,1623258206
527,san juan,-31.5375,-68.5364,66.72,38,20,4.05,AR,1623258185
528,mudgee,-32.5943,149.5871,39.25,100,90,13.8,AU,1623258207
